{"rmse_base": 53.85344583676593, "r2_base": 0.4526027629719195, "model": "linear_regression_baseline"}