{
  "coefficients": {
    "age": 0.0,
    "sex": -8.140273328663724,
    "bmi": 26.198766982043498,
    "bp": 15.13025339573555,
    "s1": -5.019070916826706,
    "s2": -0.0,
    "s3": -11.12970231506825,
    "s4": 0.0,
    "s5": 22.09448296407877,
    "s6": 1.8170684740119702
  },
  "r2_score": 0.47127984836134174,
  "mean_squared_error": 2801.23959588032,
  "root_mean_squared_error": 52.92673800528727
}