{
  "coefficients": {
    "age": 1.816431786168572,
    "sex": -11.434731325759628,
    "bmi": 25.74999489929608,
    "bp": 16.716180089499147,
    "s1": -33.01917744673166,
    "s2": 15.773969960320768,
    "s3": 2.642370357321975,
    "s4": 11.530192626794827,
    "s5": 30.736879110860084,
    "s6": 2.4784137316058437
  },
  "r2_score": 0.454376165031651,
  "mean_squared_error": 2890.797875269892,
  "root_mean_squared_error": 53.76614060233347
}